Algorithm,Throughput Mean,Fairness,ON Mean,HO Mean
DDPP,5.063011895084381,0.5774691104888916,0.6000000238418579,0.0032596683595329523
MaxSNR,7.1928689204216,0.35421574115753174,0.6000000238418579,0.0011333333095535636
PF-HAPPO,2.777764507443248,0.6169514834880829,0.6000000238418579,0.029900003224611282
Jensen-HAPPO,5.8716582890152935,0.4378745838999748,0.6000000238418579,0.005429999902844429
HeLyMARL,5.364593640500307,0.9317300498485566,0.6000000238418579,0.020795000717043877
