Algorithm,Throughput Mean,Fairness,ON Mean,HO Mean
DDPP,4.888459681630135,0.6066860556602478,0.6000000238418579,0.003088834695518017
MaxSNR,5.053565671241284,0.5440787076950073,0.6000000238418579,0.003341666655614972
PF-HAPPO,3.6479819877998585,0.8522408246994019,0.5923333764076233,0.029900003224611282
Jensen-HAPPO,5.543948461174965,0.4391099184751511,0.6000000238418579,0.013610000722110271
HeLyMARL,5.489424408081174,0.9209230899810791,0.6000000238418579,0.018185000866651535
