algorithm,kappa,train_seed,n_eval_seeds,throughput,fairness,on_ratio,handover_ratio,served_ratio,outage_ratio,reward,pf_utility,avg_energy_cost,performance_metric
HAPPO,0.03,0,5,6.1349549034610815,0.9202497959136963,0.6,0.016010000000000003,0.09000000213436782,0.9099999978656322,106.88117324311013,-23.776543651988213,0.18000000000000005,-23.776543651988213
HAPPO,0.03,1,5,5.700227445743683,0.9339444756507873,0.6,0.016894,0.09000000225201248,0.9099999977479873,98.87453607314498,-25.20916229808731,0.18000000000000005,-25.20916229808731
HAPPO,0.03,2,5,6.27568418220564,0.9197367429733276,0.5997266666666666,0.014492,0.08995900203481318,0.9100409979651868,111.210642455469,-23.314206123573136,0.17991800000000005,-23.314206123573136
MAPPO,0.03,0,5,5.473688966320934,0.9235839486122132,0.6,0.018422,0.09000000235423447,0.9099999976457654,93.48721406773898,-26.066514721774826,0.18000000000000002,-26.066514721774826
MAPPO,0.03,1,5,5.715151286529899,0.9166601300239563,0.6,0.021142,0.09000000219628215,0.9099999978037179,102.99516687050195,-25.198261094355885,0.18000000000000005,-25.198261094355885
MAPPO,0.03,2,5,5.408914197359674,0.9509855747222901,0.6,0.021975,0.09000000222586095,0.9099999977741391,97.67484356960126,-26.250205763781945,0.18000000000000005,-26.250205763781945
